,Threshold,Accuracy,Precision,Recall,F1-measure
0,0.3,0.5006165228113441,0.6350174216027874,0.7469262295081968,0.6864406779661016
1,0.4,0.5437731196054254,0.685336048879837,0.6895491803278688,0.6874361593462717
2,0.5,0.55980271270037,0.7377830750893921,0.6342213114754098,0.6820936639118458
3,0.6,0.5548705302096177,0.784656796769852,0.5973360655737705,0.6783013379872018
4,0.7,0.5252774352651048,0.8190045248868778,0.5563524590163934,0.6625991458206223
5,0.8,0.4759556103575832,0.8519163763066202,0.5010245901639344,0.6309677419354839
6,0.9,0.38594327990135635,0.8828828828828829,0.4016393442622951,0.5521126760563381
