,Threshold,Accuracy,Precision,Recall,F1-measure
0,0.3,0.6068515497553018,0.7073490813648294,0.8008915304606241,0.751219512195122
1,0.4,0.6460032626427407,0.7575301204819277,0.7473997028231798,0.7524308152580403
2,0.5,0.634584013050571,0.7951807228915663,0.6864784546805349,0.7368421052631581
3,0.6,0.6035889070146819,0.8244575936883629,0.6210995542347697,0.7084745762711865
4,0.7,0.5513866231647635,0.864367816091954,0.5586924219910847,0.6787003610108304
5,0.8,0.4730831973898858,0.9075144508670521,0.46656760772659733,0.6162904808635917
6,0.9,0.29526916802610115,0.9646464646464646,0.2838038632986627,0.4385763490241102
