,Threshold,Accuracy,Precision,Recall,F1-measure
0,0.3,0.6032110091743119,0.716566866267465,0.7510460251046025,0.7334014300306435
1,0.4,0.6032110091743119,0.75,0.6903765690376569,0.7189542483660132
2,0.5,0.5963302752293578,0.8068783068783069,0.6380753138075314,0.7126168224299064
3,0.6,0.5344036697247706,0.8432601880877743,0.5627615062761506,0.6750313676286072
4,0.7,0.48853211009174313,0.8795620437956204,0.50418410041841,0.6409574468085106
5,0.8,0.43577981651376146,0.8931623931623932,0.4372384937238494,0.5870786516853932
6,0.9,0.32339449541284404,0.9096385542168675,0.3158995815899582,0.46894409937888204
