,Threshold,Accuracy,Precision,Recall,F1-measure
0,0.3,0.629570747217806,0.7115384615384616,0.8246656760772659,0.7639366827253958
1,0.4,0.6645468998410174,0.7550143266475645,0.7830609212481426,0.7687819110138585
2,0.5,0.6581875993640699,0.7857142857142857,0.7191679049034175,0.7509697439875873
3,0.6,0.6359300476947536,0.8250460405156538,0.6656760772659732,0.7368421052631579
4,0.7,0.5834658187599364,0.8704103671706264,0.5988112927191679,0.7095070422535211
5,0.8,0.5071542130365659,0.9064171122994652,0.5037147102526003,0.6475644699140402
6,0.9,0.34022257551669316,0.9375,0.3343239227340267,0.4928806133625411
