,Threshold,Accuracy,Precision,Recall,F1-measure
0,0.3,0.7285714285714285,0.7817745803357314,0.8534031413612565,0.816020025031289
1,0.4,0.7514285714285714,0.8307291666666666,0.8350785340314136,0.8328981723237597
2,0.5,0.7628571428571429,0.8739495798319328,0.8167539267015707,0.8443843031123139
3,0.6,0.7571428571428571,0.9036144578313253,0.7853403141361257,0.8403361344537815
4,0.7,0.7142857142857143,0.9271523178807947,0.7329842931937173,0.8187134502923976
5,0.8,0.6657142857142857,0.940959409594096,0.6675392670157068,0.7810107197549769
6,0.9,0.5428571428571428,0.9436619718309859,0.5261780104712042,0.6756302521008403
