,Threshold,Accuracy,Precision,Recall,F1-measure
0,0.3,0.7162790697674418,0.7520325203252033,0.8525345622119815,0.7991360691144708
1,0.4,0.7627906976744186,0.8055555555555556,0.8018433179723502,0.8036951501154734
2,0.5,0.7441860465116279,0.8481675392670157,0.7465437788018433,0.7941176470588236
3,0.6,0.7023255813953488,0.8693181818181818,0.7050691244239631,0.7786259541984734
4,0.7,0.6093023255813953,0.8926174496644296,0.6129032258064516,0.7267759562841531
5,0.8,0.5116279069767442,0.9032258064516129,0.5161290322580645,0.6568914956011729
6,0.9,0.3209302325581395,0.9466666666666667,0.3271889400921659,0.4863013698630137
