,Threshold,Accuracy,Precision,Recall,F1-measure
0,0.3,0.6276346604215457,0.7133620689655172,0.7388392857142857,0.7258771929824561
1,0.4,0.6651053864168618,0.7673860911270983,0.7142857142857143,0.7398843930635838
2,0.5,0.6604215456674473,0.7927461139896373,0.6830357142857143,0.7338129496402879
3,0.6,0.6182669789227166,0.7966101694915254,0.6294642857142857,0.7032418952618454
4,0.7,0.5690866510538641,0.8132911392405063,0.5736607142857143,0.6727748691099477
5,0.8,0.49414519906323184,0.8339622641509434,0.49330357142857145,0.6199158485273493
6,0.9,0.3793911007025761,0.8829787234042553,0.3705357142857143,0.5220125786163522
