,Threshold,Accuracy,Precision,Recall,F1-measure
0,0.3,0.725050916496945,0.8003802281368821,0.7973484848484849,0.7988614800759014
1,0.4,0.7209775967413442,0.8326271186440678,0.7443181818181818,0.7859999999999999
2,0.5,0.6965376782077393,0.8614318706697459,0.7064393939393939,0.7762747138397503
3,0.6,0.6720977596741344,0.8883374689826302,0.678030303030303,0.7690655209452202
4,0.7,0.6191446028513238,0.9183098591549296,0.6174242424242424,0.7383918459796149
5,0.8,0.560081466395112,0.9363057324840764,0.5568181818181818,0.6983372921615202
6,0.9,0.43584521384928715,0.9704641350210971,0.4356060606060606,0.6013071895424836
