,Threshold,Accuracy,Precision,Recall,F1-measure
0,0.3,0.5871080139372822,0.7088791848617176,0.7754777070063694,0.7406844106463879
1,0.4,0.6306620209059234,0.7504105090311987,0.7277070063694268,0.7388843977364591
2,0.5,0.6358885017421603,0.7846715328467153,0.6847133757961783,0.7312925170068026
3,0.6,0.6097560975609756,0.8284518828451883,0.6305732484076433,0.7160940325497288
4,0.7,0.554006968641115,0.8447058823529412,0.571656050955414,0.6818613485280152
5,0.8,0.45993031358885017,0.8821752265861027,0.46496815286624205,0.6089676746611054
6,0.9,0.2682926829268293,0.9277777777777778,0.2659235668789809,0.4133663366336634
