,Threshold,Accuracy,Precision,Recall,F1-measure
0,0.3,0.6336633663366337,0.7359836901121305,0.8067039106145252,0.7697228144989339
1,0.4,0.6534653465346535,0.7813578826237054,0.758659217877095,0.76984126984127
2,0.5,0.6435643564356436,0.81877444589309,0.7016759776536313,0.7557160048134778
3,0.6,0.599009900990099,0.8524096385542169,0.6324022346368715,0.7261064785118666
4,0.7,0.5470297029702971,0.8782161234991424,0.5720670391061452,0.6928281461434369
5,0.8,0.474009900990099,0.9168443496801706,0.48044692737430167,0.6304985337243402
6,0.9,0.349009900990099,0.9470404984423676,0.3396648044692737,0.5
