,Threshold,Accuracy,Precision,Recall,F1-measure
0,0.3,0.6228668941979523,0.7771775827143822,0.7862021857923497,0.7816638370118845
1,0.4,0.6177474402730375,0.8405560098119379,0.7021857923497268,0.7651656122069224
2,0.5,0.5878839590443686,0.890057361376673,0.6359289617486339,0.7418326693227091
3,0.6,0.5349829351535836,0.9105145413870246,0.5560109289617486,0.6904156064461409
4,0.7,0.48208191126279865,0.9432432432432433,0.476775956284153,0.6333938294010889
5,0.8,0.40017064846416384,0.9500860585197934,0.3770491803278688,0.5398533007334964
6,0.9,0.3097269624573379,0.9662650602409638,0.2739071038251366,0.42682277807344327
