,Threshold,Accuracy,Precision,Recall,F1-measure
0,0.3,0.5769805680119582,0.663448275862069,0.6708507670850767,0.6671289875173371
1,0.4,0.5829596412556054,0.7082683307332294,0.6331938633193863,0.6686303387334316
2,0.5,0.5739910313901345,0.7602862254025045,0.592747559274756,0.6661442006269592
3,0.6,0.5261584454409567,0.7954070981210856,0.5313807531380753,0.6371237458193979
4,0.7,0.4663677130044843,0.8230958230958231,0.46722454672245467,0.5960854092526691
5,0.8,0.40657698056801195,0.8660714285714286,0.40585774058577406,0.5527065527065528
6,0.9,0.33183856502242154,0.9246031746031746,0.32496513249651326,0.4809081527347781
