,Threshold,Accuracy,Precision,Recall,F1-measure
0,0.3,0.5004918355301987,0.7035022552401168,0.7394032348020078,0.7210061182868797
1,0.4,0.5240999409797363,0.7436425106570631,0.7053820412716119,0.7240071556350627
2,0.5,0.5339366515837104,0.7741571221164704,0.6691299498047965,0.717822152419415
3,0.6,0.5290182962817234,0.7989853044086774,0.636781929726715,0.7087212911235257
4,0.7,0.5197717883139878,0.8268972142170989,0.600111544896821,0.695483558212814
5,0.8,0.4999016328939603,0.8568652849740933,0.5534021193530396,0.6724839037614369
6,0.9,0.46527641156797167,0.8993288590604027,0.4857780256553263,0.6308165851892088
