Accuracy,Precision,Recall,F1 Score
0.5305319483789739,0.7508223684210527,0.7090082094519636,0.7293164441401347
